Synuefe XR-H d11-102,357.34375,-49.34375,-74.75,GR001,Regor
IC 2391 Sector YE-A d103,489.03125,-98.09375,-34.96875,GR141,Regor
IC 2391 Sector ZE-A d101,526.5,-86.375,-37.9375,GR003,Regor
Synuefe XO-P c22-17,546.90625,-56.46875,-97.8125,GR004,Regor
IC 2391 Sector GW-V b2-4,587.9375,-51.03125,-38.53125,GR002,Regor
Synuefe YY-Q c21-19,589.15625,-144.5,-107.84375,GR140,Regor
IC 2391 Sector FL-X b1-7,611.34375,-78.40625,-51.6875,GR047,Regor
Synuefe CN-H d11-63,610.96875,-145.78125,-57.90625,GR272,Regor
Synuefe DK-D b46-4,652.9375,-63.90625,-80.78125,GR291,Regor
Synuefe ZR-I b43-10,811.40625,-60.4375,-144.71875,GR045,Regor
Synuefe ZR-I b43-10,811.40625,-60.4375,-144.71875,GR046,Regor
Synuefe ZR-I b43-10,811.40625,-60.4375,-144.71875,GR044,Regor
Synuefe CE-R c21-6,828.1875,-78,-105.1875,GR043,Regor
Synuefe CE-R c21-6,828.1875,-78,-105.1875,GR041,Regor
Synuefe CE-R c21-6,828.1875,-78,-105.1875,GR042,Regor
Synuefe ZL-J d10-119,834.21875,-51.21875,-154.65625,GR005,Regor
Synuefe LY-I b42-2,814.71875,-222.78125,-151.15625,GR016,Regor
Synuefe LY-I b42-2,814.71875,-222.78125,-151.15625,GR015,Regor
Synuefe LY-I b42-2,814.71875,-222.78125,-151.15625,GR017,Regor
Synuefe ZL-J d10-109,852.65625,-51.125,-124.84375,GR091,Regor
Synuefe ZL-J d10-109,852.65625,-51.125,-124.84375,GR089,Regor
Synuefe ZL-J d10-109,852.65625,-51.125,-124.84375,GR090,Regor
Synuefe TP-F b44-0,838.75,-197.84375,-111.84375,GR011,Regor
Synuefe TP-F b44-0,838.75,-197.84375,-111.84375,GR010,Regor
Synuefe TP-F b44-0,838.75,-197.84375,-111.84375,GR009,Regor
Synuefe NL-N c23-4,860.125,-124.59375,-61.0625,GR064,Regor
Synuefe NL-N c23-4,860.125,-124.59375,-61.0625,GR013,Regor
Synuefe NL-N c23-4,860.125,-124.59375,-61.0625,GR022,Regor
HIP 39768,866.59375,-119.125,-109.03125,GR008,Regor
HIP 39768,866.59375,-119.125,-109.03125,GR025,Regor
Col 173 Sector PF-E b28-3,870.34375,-156.03125,-92.84375,GR271,Regor
Col 173 Sector PF-E b28-3,870.34375,-156.03125,-92.84375,GR270,Regor
Col 173 Sector QU-O d6-25,878.84375,-205.5625,-156.59375,GR265,Regor
Col 173 Sector QU-O d6-25,878.84375,-205.5625,-156.59375,GR255,Regor
Vela Dark Region EL-Y d32,1000.65625,-166.21875,-64.15625,GR057,Regor
Vela Dark Region EL-Y d32,1000.65625,-166.21875,-64.15625,GR055,Regor
Vela Dark Region EL-Y d32,1000.65625,-166.21875,-64.15625,GR056,Regor
Col 173 Sector DX-K d8-17,961.21875,-351.0625,-9.71875,GR519,Regor
Col 173 Sector DX-K d8-17,961.21875,-351.0625,-9.71875,GR520,Regor
Col 173 Sector DX-K d8-17,961.21875,-351.0625,-9.71875,GR521,Regor
Col 173 Sector JX-K b24-0,993.0625,-188.1875,-173.53125,GR171,Regor
Col 173 Sector JX-K b24-0,993.0625,-188.1875,-173.53125,GR172,Regor
Col 173 Sector JX-K b24-0,993.0625,-188.1875,-173.53125,GR170,Regor
Col 173 Sector KN-J b25-5,1002.90625,-152.28125,-160.25,GR094,Regor
Col 173 Sector KN-J b25-5,1002.90625,-152.28125,-160.25,GR093,Regor
Col 173 Sector KN-J b25-5,1002.90625,-152.28125,-160.25,GR095,Regor
Col 173 Sector AI-H c11-22,992.6875,-153.625,-213.71875,GR290,Regor
Col 173 Sector AI-H c11-22,992.6875,-153.625,-213.71875,GR288,Regor
Col 173 Sector AI-H c11-22,992.6875,-153.625,-213.71875,GR289,Regor
Col 173 Sector UP-O d6-41,978.8125,-293.125,-125.4375,GR541,Regor
Col 173 Sector UP-O d6-41,978.8125,-293.125,-125.4375,GR542,Regor
Col 173 Sector UP-O d6-41,978.8125,-293.125,-125.4375,GR543,Regor
Col 173 Sector OE-P d6-11,1014.34375,-67.59375,-173.96875,GR065,Regor
Col 173 Sector OE-P d6-11,1014.34375,-67.59375,-173.96875,GR066,Regor
Col 173 Sector OE-P d6-11,1014.34375,-67.59375,-173.96875,GR067,Regor
Col 173 Sector OE-P d6-11,1014.34375,-67.59375,-173.96875,GR063,Regor
Col 173 Sector OE-P d6-11,1014.34375,-67.59375,-173.96875,GR062,Regor
Col 173 Sector WZ-O b22-4,1011.0625,-131.78125,-210.4375,GR110,Regor
Col 173 Sector WZ-O b22-4,1011.0625,-131.78125,-210.4375,GR108,Regor
Col 173 Sector WZ-O b22-4,1011.0625,-131.78125,-210.4375,GR109,Regor
Col 173 Sector WZ-O b22-4,1011.0625,-131.78125,-210.4375,GR107,Regor
Col 173 Sector MK-D c13-3,1005.375,-235.78125,-138.15625,GR389,Regor
Col 173 Sector MK-D c13-3,1005.375,-235.78125,-138.15625,GR390,Regor
Col 173 Sector MK-D c13-3,1005.375,-235.78125,-138.15625,GR391,Regor
Col 173 Sector DH-K b25-2,1027.09375,-80.25,-163.4375,GR073,Regor
Col 173 Sector DH-K b25-2,1027.09375,-80.25,-163.4375,GR074,Regor
Col 173 Sector DH-K b25-2,1027.09375,-80.25,-163.4375,GR075,Regor
Vela Dark Region WJ-Q b5-8,1036.6875,-117.75,-27.1875,GR450,Regor
Vela Dark Region WJ-Q b5-8,1036.6875,-117.75,-27.1875,GR451,Regor
Vela Dark Region WJ-Q b5-8,1036.6875,-117.75,-27.1875,GR452,Regor
Col 173 Sector YV-M d7-23,1005.46875,-271.125,-76.625,GR102,Regor
Col 173 Sector YV-M d7-23,1005.46875,-271.125,-76.625,GR103,Regor
Col 173 Sector PV-B c14-1,1023.65625,-217.40625,-81.09375,GR084,Regor
Col 173 Sector PV-B c14-1,1023.65625,-217.40625,-81.09375,GR083,Regor
Col 173 Sector PV-B c14-1,1023.65625,-217.40625,-81.09375,GR082,Regor
Vela Dark Region IM-U b3-7,1047.65625,-56.3125,-74.0625,GR530,Regor
Vela Dark Region IM-U b3-7,1047.65625,-56.3125,-74.0625,GR531,Regor
Vela Dark Region IM-U b3-7,1047.65625,-56.3125,-74.0625,GR532,Regor
Vela Dark Region IM-U b3-7,1047.65625,-56.3125,-74.0625,GR533,Regor
Vela Dark Region KR-W c1-24,1036.875,-163.59375,-85.96875,GR054,Regor
Vela Dark Region KR-W c1-24,1036.875,-163.59375,-85.96875,GR052,Regor
Vela Dark Region KR-W c1-24,1036.875,-163.59375,-85.96875,GR049,Regor
Col 173 Sector AQ-G b26-1,1008.1875,-282.03125,-127.9375,GR534,Regor
Col 173 Sector AQ-G b26-1,1008.1875,-282.03125,-127.9375,GR535,Regor
Vela Dark Region WT-R b4-3,1044.6875,-158.4375,-62.5625,GR148,Regor
Vela Dark Region WT-R b4-3,1044.6875,-158.4375,-62.5625,GR149,Regor
Vela Dark Region WT-R b4-3,1044.6875,-158.4375,-62.5625,GR150,Regor
Col 173 Sector HR-M b23-3,1024.28125,-191.71875,-193.8125,GR112,Regor
Col 173 Sector HR-M b23-3,1024.28125,-191.71875,-193.8125,GR111,Regor
Col 173 Sector HR-M b23-3,1024.28125,-191.71875,-193.8125,GR113,Regor
Vela Dark Region YO-R b4-1,1045.625,-177.53125,-45.40625,GR263,Regor
Vela Dark Region YO-R b4-1,1045.625,-177.53125,-45.40625,GR264,Regor
Vela Dark Region YO-R b4-1,1045.625,-177.53125,-45.40625,GR266,Regor
Col 173 Sector OO-Q d5-18,1020.90625,-213.65625,-209.15625,GR392,Regor
Col 173 Sector OO-Q d5-18,1020.90625,-213.65625,-209.15625,GR393,Regor
Col 173 Sector OO-Q d5-18,1020.90625,-213.65625,-209.15625,GR394,Regor
Col 173 Sector OO-Q d5-18,1020.90625,-213.65625,-209.15625,GR395,Regor
Col 173 Sector OO-Q d5-18,1020.90625,-213.65625,-209.15625,GR396,Regor
Vela Dark Region VO-Q b5-6,1059.65625,-102.28125,-36.125,GR447,Regor
Vela Dark Region VO-Q b5-6,1059.65625,-102.28125,-36.125,GR448,Regor
Vela Dark Region VO-Q b5-6,1059.65625,-102.28125,-36.125,GR449,Regor
Vela Dark Region VO-Q b5-1,1062.03125,-91.8125,-40.4375,GR143,Regor
Vela Dark Region VO-Q b5-1,1062.03125,-91.8125,-40.4375,GR142,Regor
Vela Dark Region VO-Q b5-1,1062.03125,-91.8125,-40.4375,GR144,Regor
Col 173 Sector UG-B c14-0,1012.8125,-328.71875,-77.96875,GR201,Regor
Col 173 Sector UG-B c14-0,1012.8125,-328.71875,-77.96875,GR200,Regor
Col 173 Sector PD-B b29-4,1032.34375,-297.9375,-67.6875,GR363,Regor
Col 173 Sector PD-B b29-4,1032.34375,-297.9375,-67.6875,GR364,Regor
Col 173 Sector PD-B b29-4,1032.34375,-297.9375,-67.6875,GR362,Regor
Col 173 Sector KY-Q d5-47,1043.875,-100.75,-246.0625,GR007,Regor
Col 173 Sector KY-Q d5-47,1043.875,-100.75,-246.0625,GR006,Regor
Col 173 Sector KY-Q d5-47,1043.875,-100.75,-246.0625,GR014,Regor
Col 173 Sector KY-Q d5-47,1043.875,-100.75,-246.0625,GR012,Regor
Col 173 Sector KY-Q d5-47,1043.875,-100.75,-246.0625,GR021,Regor
Vela Dark Region FL-Y d63,1064.5,-144.03125,-101.71875,GR136,Regor
Vela Dark Region FL-Y d63,1064.5,-144.03125,-101.71875,GR137,Regor
Vela Dark Region FL-Y d63,1064.5,-144.03125,-101.71875,GR139,Regor
Vela Dark Region FL-Y d63,1064.5,-144.03125,-101.71875,GR138,Regor
Vela Dark Region TD-S b4-5,1071.21875,-121.03125,-50.09375,GR376,Regor
Vela Dark Region TD-S b4-5,1071.21875,-121.03125,-50.09375,GR377,Regor
Vela Dark Region TD-S b4-5,1071.21875,-121.03125,-50.09375,GR378,Regor
Vela Dark Region TD-S b4-5,1071.21875,-121.03125,-50.09375,GR379,Regor
Vela Dark Region HB-X c1-28,1073.0625,-100.65625,-92.75,GR086,Regor
Vela Dark Region HB-X c1-28,1073.0625,-100.65625,-92.75,GR085,Regor
Vela Dark Region HB-X c1-28,1073.0625,-100.65625,-92.75,GR087,Regor
Vela Dark Region HB-X c1-28,1073.0625,-100.65625,-92.75,GR088,Regor
Col 173 Sector OG-Z c15-35,1084.125,2.59375,12.9375,GR106,Regor
Col 173 Sector OG-Z c15-35,1084.125,2.59375,12.9375,GR104,Regor
Col 173 Sector OG-Z c15-35,1084.125,2.59375,12.9375,GR105,Regor
Col 173 Sector KP-T b34-8,1086.09375,25.6875,46.3125,GR114,Regor
Col 173 Sector KP-T b34-8,1086.09375,25.6875,46.3125,GR115,Regor
Vela Dark Region RC-V b2-5,1072.75,-168.1875,-85.125,GR048,Regor
Vela Dark Region RC-V b2-5,1072.75,-168.1875,-85.125,GR050,Regor
Vela Dark Region RC-V b2-5,1072.75,-168.1875,-85.125,GR051,Regor
Vela Dark Region RC-V b2-5,1072.75,-168.1875,-85.125,GR053,Regor
Col 173 Sector DY-G b40-4,1062.34375,-198.34375,170.84375,GR475,Regor
Col 173 Sector DY-G b40-4,1062.34375,-198.34375,170.84375,GR476,Regor
Col 173 Sector DY-G b40-4,1062.34375,-198.34375,170.84375,GR477,Regor
Col 173 Sector JE-V b33-4,1102.84375,13.25,20.0625,GR403,Regor
Col 173 Sector JE-V b33-4,1102.84375,13.25,20.0625,GR404,Regor
Col 173 Sector JE-V b33-4,1102.84375,13.25,20.0625,GR405,Regor
Col 173 Sector PF-B b31-3,1099.4375,90.28125,-34.1875,GR559,Regor
Col 173 Sector PF-B b31-3,1099.4375,90.28125,-34.1875,GR560,Regor
Col 173 Sector PF-B b31-3,1099.4375,90.28125,-34.1875,GR561,Regor
Col 173 Sector WG-J c10-16,1067.28125,-138.3125,-258.3125,GR278,Regor
Col 173 Sector WG-J c10-16,1067.28125,-138.3125,-258.3125,GR277,Regor
Col 173 Sector WG-J c10-16,1067.28125,-138.3125,-258.3125,GR279,Regor
Col 173 Sector LY-Q d5-59,1078.09375,-86.5625,-249.46875,GR029,Regor
Col 173 Sector LY-Q d5-59,1078.09375,-86.5625,-249.46875,GR034,Regor
Col 173 Sector LY-Q d5-59,1078.09375,-86.5625,-249.46875,GR033,Regor
Col 173 Sector LY-Q d5-59,1078.09375,-86.5625,-249.46875,GR035,Regor
Col 173 Sector WK-A a48-4,1098.15625,-39.96875,-188.75,GR134,Regor
Col 173 Sector WK-A a48-4,1098.15625,-39.96875,-188.75,GR133,Regor
Col 173 Sector WK-A a48-4,1098.15625,-39.96875,-188.75,GR135,Regor
Col 173 Sector UM-X b16-0,1005.625,-355.15625,-339.15625,GR492,Regor
Col 173 Sector UM-X b16-0,1005.625,-355.15625,-339.15625,GR493,Regor
Col 173 Sector UM-X b16-0,1005.625,-355.15625,-339.15625,GR474,Regor
Col 173 Sector OP-E b41-1,1079.71875,-247.875,176.90625,GR462,Regor
Col 173 Sector OP-E b41-1,1079.71875,-247.875,176.90625,GR463,Regor
Swoilz AE-F c13,1079.3125,-216.125,222.96875,GR470,Regor
Swoilz AE-F c13,1079.3125,-216.125,222.96875,GR469,Regor
Col 173 Sector RI-R b21-3,1099.8125,-66.71875,-237.25,GR397,Regor
Col 173 Sector RI-R b21-3,1099.8125,-66.71875,-237.25,GR398,Regor
Col 173 Sector RI-R b21-3,1099.8125,-66.71875,-237.25,GR399,Regor
Col 173 Sector XG-J c10-17,1095.25,-127.5625,-238.40625,GR028,Regor
Col 173 Sector XG-J c10-17,1095.25,-127.5625,-238.40625,GR040,Regor
Col 173 Sector XG-J c10-17,1095.25,-127.5625,-238.40625,GR039,Regor
Col 173 Sector HG-G b26-1,1072,-321.25,-143,GR544,Regor
Col 173 Sector HG-G b26-1,1072,-321.25,-143,GR545,Regor
Col 173 Sector OH-E b27-1,1079.53125,-335.8125,-109.21875,GR522,Regor
Col 173 Sector OH-E b27-1,1079.53125,-335.8125,-109.21875,GR523,Regor
Col 173 Sector AV-N b23-5,1117.03125,-71.03125,-202.15625,GR018,Regor
Col 173 Sector AV-N b23-5,1117.03125,-71.03125,-202.15625,GR019,Regor
Col 173 Sector AV-N b23-5,1117.03125,-71.03125,-202.15625,GR020,Regor
Col 173 Sector CG-M b24-8,1127.9375,-59.9375,-175.78125,GR031,Regor
Col 173 Sector CG-M b24-8,1127.9375,-59.9375,-175.78125,GR030,Regor
Col 173 Sector CG-M b24-8,1127.9375,-59.9375,-175.78125,GR032,Regor
Col 173 Sector LY-Q d5-13,1120.34375,-87.21875,-216.875,GR024,Regor
Col 173 Sector LY-Q d5-13,1120.34375,-87.21875,-216.875,GR023,Regor
Col 173 Sector LY-Q d5-13,1120.34375,-87.21875,-216.875,GR026,Regor
Col 173 Sector LY-Q d5-13,1120.34375,-87.21875,-216.875,GR027,Regor
Col 173 Sector TK-C b30-6,1145.9375,30.21875,-59.28125,GR556,Regor
Col 173 Sector TK-C b30-6,1145.9375,30.21875,-59.28125,GR557,Regor
Col 173 Sector TK-C b30-6,1145.9375,30.21875,-59.28125,GR558,Regor
Col 173 Sector RF-D c13-12,1108.5,-271.90625,-123.4375,GR312,Regor
Col 173 Sector RF-D c13-12,1108.5,-271.90625,-123.4375,GR310,Regor
Col 173 Sector RF-D c13-12,1108.5,-271.90625,-123.4375,GR311,Regor
Col 173 Sector HI-M a55-0,1147.4375,-43.9375,-113.21875,GR293,Regor
Col 173 Sector HI-M a55-0,1147.4375,-43.9375,-113.21875,GR294,Regor
Col 173 Sector HI-M a55-0,1147.4375,-43.9375,-113.21875,GR292,Regor
Col 173 Sector CH-L d8-14,1137.96875,-193.65625,-18.375,GR281,Regor
Col 173 Sector CH-L d8-14,1137.96875,-193.65625,-18.375,GR280,Regor
Col 173 Sector CH-L d8-14,1137.96875,-193.65625,-18.375,GR282,Regor
Col 173 Sector SB-Z c15-7,1156.03125,-29.9375,-3.625,GR400,Regor
Col 173 Sector SB-Z c15-7,1156.03125,-29.9375,-3.625,GR401,Regor
Col 173 Sector SB-Z c15-7,1156.03125,-29.9375,-3.625,GR402,Regor
Col 173 Sector BX-I c10-7,1110.40625,-223.625,-242.6875,GR283,Regor
Col 173 Sector BX-I c10-7,1110.40625,-223.625,-242.6875,GR285,Regor
Col 173 Sector BX-I c10-7,1110.40625,-223.625,-242.6875,GR284,Regor
Col 173 Sector BX-I c10-7,1110.40625,-223.625,-242.6875,GR287,Regor
Col 173 Sector BX-I c10-7,1110.40625,-223.625,-242.6875,GR286,Regor
Col 173 Sector GE-D b14-0,1037.4375,-324.25,-403.84375,GR536,Regor
Col 173 Sector GE-D b14-0,1037.4375,-324.25,-403.84375,GR537,Regor
Col 173 Sector GE-D b14-0,1037.4375,-324.25,-403.84375,GR538,Regor
Col 173 Sector GE-D b14-0,1037.4375,-324.25,-403.84375,GR539,Regor
Col 173 Sector GE-D b14-0,1037.4375,-324.25,-403.84375,GR540,Regor
Col 173 Sector GM-V d2-3,1000.28125,-383.25,-444.8125,GR343,Regor
Col 173 Sector GM-V d2-3,1000.28125,-383.25,-444.8125,GR342,Regor
Col 173 Sector GM-V d2-3,1000.28125,-383.25,-444.8125,GR344,Regor
Col 173 Sector GM-V d2-3,1000.28125,-383.25,-444.8125,GR346,Regor
Col 173 Sector GM-V d2-3,1000.28125,-383.25,-444.8125,GR345,Regor
Col 173 Sector OZ-U b33-6,1160.90625,-20.03125,21.21875,GR125,Regor
Col 173 Sector OZ-U b33-6,1160.90625,-20.03125,21.21875,GR126,Regor
Col 173 Sector OZ-U b33-6,1160.90625,-20.03125,21.21875,GR127,Regor
Col 173 Sector AP-Q b21-2,1127.3125,-154.03125,-237.90625,GR058,Regor
Col 173 Sector AP-Q b21-2,1127.3125,-154.03125,-237.90625,GR059,Regor
Col 173 Sector AP-Q b21-2,1127.3125,-154.03125,-237.90625,GR060,Regor
Col 173 Sector AP-Q b21-2,1127.3125,-154.03125,-237.90625,GR061,Regor
Col 173 Sector VV-C c13-7,1107.65625,-373.21875,-108.0625,GR380,Regor
Col 173 Sector VV-C c13-7,1107.65625,-373.21875,-108.0625,GR381,Regor
Col 173 Sector YA-N d7-17,1145.09375,-245.8125,-90.03125,GR267,Regor
Col 173 Sector YA-N d7-17,1145.09375,-245.8125,-90.03125,GR268,Regor
Col 173 Sector YA-N d7-17,1145.09375,-245.8125,-90.03125,GR269,Regor
Swoilz PA-F b3-2,1121.8125,-217.125,282.9375,GR466,Regor
Swoilz PA-F b3-2,1121.8125,-217.125,282.9375,GR468,Regor
Swoilz PA-F b3-2,1121.8125,-217.125,282.9375,GR467,Regor
Col 173 Sector OT-Q d5-18,1150.75,-124.03125,-216.8125,GR036,Regor
Col 173 Sector OT-Q d5-18,1150.75,-124.03125,-216.8125,GR037,Regor
Col 173 Sector OT-Q d5-18,1150.75,-124.03125,-216.8125,GR038,Regor
Col 173 Sector IY-H d10-54,1153.15625,-158.53125,186.90625,GR406,Regor
Col 173 Sector IY-H d10-54,1153.15625,-158.53125,186.90625,GR407,Regor
Col 173 Sector UU-O d6-42,1147.09375,-252.8125,-156.65625,GR079,Regor
Col 173 Sector UU-O d6-42,1147.09375,-252.8125,-156.65625,GR081,Regor
Col 173 Sector UU-O d6-42,1147.09375,-252.8125,-156.65625,GR080,Regor
Col 173 Sector VC-W c17-15,1184.3125,82.75,63.1875,GR550,Regor
Col 173 Sector VC-W c17-15,1184.3125,82.75,63.1875,GR551,Regor
Col 173 Sector VC-W c17-15,1184.3125,82.75,63.1875,GR552,Regor
Col 173 Sector JB-F b27-1,1154.96875,-259.96875,-113.46875,GR129,Regor
Col 173 Sector JB-F b27-1,1154.96875,-259.96875,-113.46875,GR128,Regor
Col 173 Sector JB-F b27-1,1154.96875,-259.96875,-113.46875,GR130,Regor
Col 173 Sector CC-Z b31-1,1197.5625,50.71875,-10.65625,GR553,Regor
Col 173 Sector CC-Z b31-1,1197.5625,50.71875,-10.65625,GR554,Regor
Col 173 Sector CC-Z b31-1,1197.5625,50.71875,-10.65625,GR555,Regor
Col 173 Sector WF-N d7-52,1186.6875,-166.1875,-80.1875,GR072,Regor
Col 173 Sector WF-N d7-52,1186.6875,-166.1875,-80.1875,GR071,Regor
Col 173 Sector WF-N d7-52,1186.6875,-166.1875,-80.1875,GR070,Regor
Col 173 Sector YF-N c7-5,1073.21875,-392.25,-378.3125,GR273,Regor
Col 173 Sector YF-N c7-5,1073.21875,-392.25,-378.3125,GR274,Regor
Col 173 Sector YF-N c7-5,1073.21875,-392.25,-378.3125,GR337,Regor
Col 173 Sector YF-N c7-5,1073.21875,-392.25,-378.3125,GR276,Regor
Col 173 Sector YF-N c7-5,1073.21875,-392.25,-378.3125,GR275,Regor
Col 173 Sector KT-G b40-2,1172.03125,-221.34375,167.28125,GR206,Regor
Col 173 Sector KT-G b40-2,1172.03125,-221.34375,167.28125,GR205,Regor
Col 173 Sector KT-G b40-2,1172.03125,-221.34375,167.28125,GR207,Regor
Col 173 Sector EC-L d8-54,1180.5625,-303.34375,-14.09375,GR097,Regor
Col 173 Sector EC-L d8-54,1180.5625,-303.34375,-14.09375,GR098,Regor
Col 173 Sector EC-L d8-54,1180.5625,-303.34375,-14.09375,GR096,Regor
Col 173 Sector PF-C c14-22,1212.90625,-142.78125,-70.90625,GR408,Regor
Col 173 Sector PF-C c14-22,1212.90625,-142.78125,-70.90625,GR409,Regor
Col 173 Sector PF-C c14-22,1212.90625,-142.78125,-70.90625,GR410,Regor
Col 173 Sector OC-C b29-1,1206.46875,-190.59375,-82.625,GR119,Regor
Col 173 Sector OC-C b29-1,1206.46875,-190.59375,-82.625,GR120,Regor
Col 173 Sector OC-C b29-1,1206.46875,-190.59375,-82.625,GR121,Regor
Col 173 Sector UU-O d6-20,1192.09375,-209.15625,-184.65625,GR161,Regor
Col 173 Sector UU-O d6-20,1192.09375,-209.15625,-184.65625,GR160,Regor
Col 173 Sector UU-O d6-20,1192.09375,-209.15625,-184.65625,GR159,Regor
Col 173 Sector DM-L c8-0,1100.53125,-425,-341.84375,GR341,Regor
Col 173 Sector DM-L c8-0,1100.53125,-425,-341.84375,GR340,Regor
Col 173 Sector DM-L c8-0,1100.53125,-425,-341.84375,GR339,Regor
Col 173 Sector DM-L c8-0,1100.53125,-425,-341.84375,GR338,Regor
Col 173 Sector UU-O d6-30,1196.6875,-225.84375,-161.5,GR122,Regor
Col 173 Sector UU-O d6-30,1196.6875,-225.84375,-161.5,GR123,Regor
Col 173 Sector UU-O d6-30,1196.6875,-225.84375,-161.5,GR124 (313),Regor
Col 173 Sector LJ-F c12-0,1202.125,-213.40625,-165.5625,GR162,Regor
Col 173 Sector LJ-F c12-0,1202.125,-213.40625,-165.5625,GR163,Regor
Col 173 Sector LJ-F c12-0,1202.125,-213.40625,-165.5625,GR164,Regor
Col 173 Sector LJ-F c12-0,1202.125,-213.40625,-165.5625,GR165,Regor
Col 173 Sector LJ-F c12-0,1202.125,-213.40625,-165.5625,GR166,Regor
Col 173 Sector SA-C c14-1,1216.21875,-182.125,-103.0625,GR411,Regor
Col 173 Sector SA-C c14-1,1216.21875,-182.125,-103.0625,GR412,Regor
Col 173 Sector SA-C c14-1,1216.21875,-182.125,-103.0625,GR413,Regor
Col 132 Sector GS-K d8-33,1111.5,-379.75,-418.3125,GR321,Regor
Col 132 Sector GS-K d8-33,1111.5,-379.75,-418.3125,GR322,Regor
Col 132 Sector GS-K d8-33,1111.5,-379.75,-418.3125,GR320,Regor
Col 173 Sector WN-B b29-1,1237.75,-247.375,-76.90625,GR076,Regor
Col 173 Sector WN-B b29-1,1237.75,-247.375,-76.90625,GR077,Regor
Col 173 Sector WN-B b29-1,1237.75,-247.375,-76.90625,GR078,Regor
Col 173 Sector FC-L d8-28,1231.09375,-307.21875,-10.96875,GR100,Regor
Col 173 Sector FC-L d8-28,1231.09375,-307.21875,-10.96875,GR101,Regor
Col 173 Sector FC-L d8-28,1231.09375,-307.21875,-10.96875,GR099,Regor
Col 173 Sector LB-W b31-0,1258.5,-283.125,-20.09375,GR118,Regor
Col 173 Sector LB-W b31-0,1258.5,-283.125,-20.09375,GR117,Regor
Col 173 Sector LB-W b31-0,1258.5,-283.125,-20.09375,GR116,Regor
Col 173 Sector ID-Z c14-0,1228.90625,-401.4375,-26.96875,GR353,Regor
Col 173 Sector ID-Z c14-0,1228.90625,-401.4375,-26.96875,GR352,Regor
Col 173 Sector XF-N d7-105,1293.5625,-175.625,-48.3125,GR215,Regor
Col 173 Sector XF-N d7-105,1293.5625,-175.625,-48.3125,GR216,Regor
Col 173 Sector XF-N d7-105,1293.5625,-175.625,-48.3125,GR217,Regor
Col 173 Sector YG-A c15-12,1301.71875,-172.84375,-39.375,GR226,Regor
Col 173 Sector YG-A c15-12,1301.71875,-172.84375,-39.375,GR225,Regor
Col 173 Sector VN-A b30-1,1305.1875,-169.125,-52.125,GR190,Regor
Col 173 Sector VN-A b30-1,1305.1875,-169.125,-52.125,GR191,Regor
Col 173 Sector VN-A b30-1,1305.1875,-169.125,-52.125,GR189,Regor
Col 173 Sector ZK-O d6-24,1250.0625,-397.9375,-135.90625,GR351,Regor
Col 173 Sector ZK-O d6-24,1250.0625,-397.9375,-135.90625,GR350,Regor
Col 173 Sector ZK-O d6-24,1250.0625,-397.9375,-135.90625,GR349,Regor
Col 173 Sector XY-Y b30-1,1310.53125,-155.5,-27.65625,GR251,Regor
Col 173 Sector XY-Y b30-1,1310.53125,-155.5,-27.65625,GR250,Regor
Col 173 Sector RH-C b29-1,1306.15625,-179.21875,-71.71875,GR208,Regor
Col 173 Sector RH-C b29-1,1306.15625,-179.21875,-71.71875,GR209,Regor
Col 173 Sector RH-C b29-1,1306.15625,-179.21875,-71.71875,GR210,Regor
Col 173 Sector YG-A c15-20,1315.1875,-180.9375,-63.8125,GR132,Regor
Col 173 Sector YG-A c15-20,1315.1875,-180.9375,-63.8125,GR131,Regor
Col 173 Sector YF-N d7-74,1315.75,-181.5625,-62.1875,GR178,Regor
Col 173 Sector YF-N d7-74,1315.75,-181.5625,-62.1875,GR177,Regor
Col 173 Sector YF-N d7-74,1315.75,-181.5625,-62.1875,GR179,Regor
NGC 2516 Sector UT-Z b2,1294.3125,-322.46875,-13.78125,GR359,Regor
NGC 2516 Sector UT-Z b2,1294.3125,-322.46875,-13.78125,GR360,Regor
Col 173 Sector AU-Y b30-2,1329.46875,-178.09375,-25.40625,GR236,Regor
Col 173 Sector AU-Y b30-2,1329.46875,-178.09375,-25.40625,GR237,Regor
NGC 2516 Sector EL-Y d40,1297.5,-354,-24.78125,GR527,Regor
NGC 2516 Sector EL-Y d40,1297.5,-354,-24.78125,GR528,Regor
NGC 2516 Sector EL-Y d40,1297.5,-354,-24.78125,GR529,Regor
Col 173 Sector AU-Y b30-0,1334.75,-169.53125,-33.46875,GR387,Regor
Col 173 Sector AU-Y b30-0,1334.75,-169.53125,-33.46875,GR388,Regor
Col 173 Sector AU-Y b30-0,1334.75,-169.53125,-33.46875,GR386,Regor
Col 173 Sector EH-L d8-41,1333.75,-205.84375,-9.59375,GR367,Regor
Col 173 Sector EH-L d8-41,1333.75,-205.84375,-9.59375,GR368,Regor
Col 173 Sector AW-C c13-8,1313.71875,-381.15625,-109.59375,GR524,Regor
Col 173 Sector AW-C c13-8,1313.71875,-381.15625,-109.59375,GR525,Regor
Col 173 Sector AW-C c13-8,1313.71875,-381.15625,-109.59375,GR526,Regor
Col 173 Sector EM-L d8-27,1480.5,-182.3125,8,GR301,Regor
Col 173 Sector EM-L d8-27,1480.5,-182.3125,8,GR302,Regor
Col 173 Sector EM-L d8-60,1511.21875,-177.4375,7.40625,GR300,Regor
Col 173 Sector EM-L d8-60,1511.21875,-177.4375,7.40625,GR299,Regor
Col 173 Sector GH-L d8-31,1519.6875,-214,-11.3125,GR366,Regor
Col 173 Sector GH-L d8-31,1519.6875,-214,-11.3125,GR365,Regor
Col 173 Sector KN-J d9-22,1514.8125,-263.875,75.125,GR303,Regor
Col 173 Sector KN-J d9-22,1514.8125,-263.875,75.125,GR304,Regor
Col 173 Sector JS-J d9-76,1543.28125,-181.625,86.3125,GR453,Regor
Col 173 Sector JS-J d9-76,1543.28125,-181.625,86.3125,GR454,Regor
Col 173 Sector JS-J d9-76,1543.28125,-181.625,86.3125,GR455,Regor
Col 173 Sector IE-R b34-3,1563.8125,-244.625,39.34375,GR305,Regor
Col 173 Sector IE-R b34-3,1563.8125,-244.625,39.34375,GR306,Regor
Col 173 Sector AC-W b31-3,1566.65625,-283.34375,-19.1875,GR546,Regor
Col 173 Sector AC-W b31-3,1566.65625,-283.34375,-19.1875,GR547,Regor
Col 173 Sector NI-J d9-48,1580.625,-318.65625,66.40625,GR548,Regor
Col 173 Sector NI-J d9-48,1580.625,-318.65625,66.40625,GR549,Regor
Trapezium Sector YU-X c1-2,573.59375,-339.46875,-1167.65625,GR361,Battleground
Graea Hypue QY-Z d179,-988.71875,-564.5,13149.6875,GR456,Hen 2
Graea Hypue QY-Z d179,-988.71875,-564.5,13149.6875,GR487,Hen 2
Graea Hypue QY-Z d179,-988.71875,-564.5,13149.6875,GR490,Hen 2
Graea Hypue OJ-W c3-34,-999,-562.53125,13175.03125,GR499,Hen 2
Graea Hypue OJ-W c3-34,-999,-562.53125,13175.03125,GR500,Hen 2
Graea Hypue OJ-W c3-34,-999,-562.53125,13175.03125,GR498,Hen 2
Graea Hypue YX-S b7-4,-1049.78125,-555.6875,13175.25,GR504,Hen 2
Graea Hypue YX-S b7-4,-1049.78125,-555.6875,13175.25,GR505,Hen 2
Graea Hypue YX-S b7-4,-1049.78125,-555.6875,13175.25,GR506,Hen 2
Graea Hypue VZ-X d1-92,-1031.75,-606.375,13195.03125,GR502,Hen 2
Graea Hypue VZ-X d1-92,-1031.75,-606.375,13195.03125,GR503,Hen 2
Graea Hypue YE-Y d1-212,-637.6875,-577.125,13234.15625,GR369,Hen 2
Graea Hypue YE-Y d1-212,-637.6875,-577.125,13234.15625,GR370,Hen 2
Graea Hypue AA-Z e24,-632.5,-562.09375,13237,GR372,Hen 2
Graea Hypue AA-Z e24,-632.5,-562.09375,13237,GR373,Hen 2
Graea Hypue AA-Z e24,-632.5,-562.09375,13237,GR371,Hen 2
Graea Hypue UE-Y d1-58,-1017.5,-524.3125,13231.71875,GR491,Hen 2
Graea Hypue UE-Y d1-58,-1017.5,-524.3125,13231.71875,GR494,Hen 2
Graea Hypue UE-Y d1-58,-1017.5,-524.3125,13231.71875,GR501,Hen 2
Graea Hypue GH-M b11-1,-624.4375,-518.0315,13258.4375,GR423,Hen 2
Graea Hypue GH-M b11-1,-624.4375,-518.0315,13258.4375,GR424,Hen 2
Graea Hypue QY-J b12-7,-611.625,-575.4375,13282.71875,GR418,Hen 2
Graea Hypue QY-J b12-7,-611.625,-575.4375,13282.71875,GR419,Hen 2
Graea Hypue QY-J b12-7,-611.625,-575.4375,13282.71875,GR420,Hen 2
Graea Hypue DL-W d2-16,-588,-539.5625,13287.875,GR421,Hen 2
Graea Hypue DL-W d2-16,-588,-539.5625,13287.875,GR422,Hen 2
Graea Hypue KI-K b12-13,-649.625,-537.53125,13286.3125,GR438,Hen 2
Graea Hypue KI-K b12-13,-649.625,-537.53125,13286.3125,GR439,Hen 2
Graea Hypue AG-V d3-60,-663.21875,-310.1875,13335.65625,GR425,Hen 2
Graea Hypue AG-V d3-60,-663.21875,-310.1875,13335.65625,GR426,Hen 2
Graea Hypue AG-V d3-254,-676.25,-312.5625,13345.84375,GR430,Hen 2
Graea Hypue AG-V d3-254,-676.25,-312.5625,13345.84375,GR431,Hen 2
Graea Hypue AG-V d3-254,-676.25,-312.5625,13345.84375,GR432,Hen 2
Graea Hypue AG-V d3-65,-669.9375,-338.53125,13347.84375,GR427,Hen 2
Graea Hypue AG-V d3-65,-669.9375,-338.53125,13347.84375,GR428,Hen 2
Graea Hypue AG-V d3-65,-669.9375,-338.53125,13347.84375,GR429,Hen 2
Graea Hypue AG-V d3-438,-647.5625,-318.78125,13364,GR565,Hen 2
Graea Hypue AG-V d3-438,-647.5625,-318.78125,13364,GR566,Hen 2
Graea Hypue AG-V d3-438,-647.5625,-318.78125,13364,GR567,Hen 2
Graea Hypue AG-V d3-25,-698.9375,-324.46875,13368.1875,GR384,Hen 2
Graea Hypue AG-V d3-25,-698.9375,-324.46875,13368.1875,GR383,Hen 2
Graea Hypue AG-V d3-25,-698.9375,-324.46875,13368.1875,GR385,Hen 2
Graea Hypue QG-Q c7-17,-1150.15625,-376.03125,13364.21875,GR473,Hen 2
Graea Hypue QG-Q c7-17,-1150.15625,-376.03125,13364.21875,GR489,Hen 2
Graea Hypue QG-Q c7-17,-1150.15625,-376.03125,13364.21875,GR488,Hen 2
Graea Hypue ZR-O c8-117,-900.6875,-339.625,13390.5,GR514,Hen 2
Graea Hypue ZR-O c8-117,-900.6875,-339.625,13390.5,GR515,Hen 2
Graea Hypue UT-D b17-5,-897.125,-300.15625,13392.1875,GR516,Hen 2
Graea Hypue UT-D b17-5,-897.125,-300.15625,13392.1875,GR517,Hen 2
Graea Hypue UT-D b17-5,-897.125,-300.15625,13392.1875,GR518,Hen 2
Graea Hypue WA-V d3-215,-1157.1875,-405.53125,13376.25,GR464,Hen 2
Graea Hypue WA-V d3-215,-1157.1875,-405.53125,13376.25,GR495,Hen 2
Graea Hypue WA-V d3-215,-1157.1875,-405.53125,13376.25,GR496,Hen 2
Graea Hypue ZV-U d3-301,-1093.59375,-432.25,13396.59375,GR458,Hen 2
Graea Hypue ZV-U d3-301,-1093.59375,-432.25,13396.59375,GR459,Hen 2
Graea Hypue ZV-U d3-301,-1093.59375,-432.25,13396.59375,GR457,Hen 2
Graea Hypue BH-T d4-242,-1094.09375,-374.78125,13416.03125,GR460,Hen 2
Graea Hypue BH-T d4-242,-1094.09375,-374.78125,13416.03125,GR461,Hen 2
Graea Hypue BH-T d4-242,-1094.09375,-374.78125,13416.03125,GR465,Hen 2
Graea Hypue LS-S d4-81,-760.8125,-641.09375,13431.65625,GR323,Hen 2
Graea Hypue LS-S d4-81,-760.8125,-641.09375,13431.65625,GR324,Hen 2
Graea Hypue LS-S d4-81,-760.8125,-641.09375,13431.65625,GR336,Hen 2
Graea Hypue LS-S d4-81,-760.8125,-641.09375,13431.65625,GR330,Hen 2
Graea Hypue LS-S d4-81,-760.8125,-641.09375,13431.65625,GR325,Hen 2
Graea Hypue LS-S d4-81,-760.8125,-641.09375,13431.65625,GR326,Hen 2
Graea Hypue LS-S d4-3,-726.96875,-589.90625,13438.40625,GR329,Hen 2
Graea Hypue LS-S d4-3,-726.96875,-589.90625,13438.40625,GR327,Hen 2
Graea Hypue LS-S d4-3,-726.96875,-589.90625,13438.40625,GR328,Hen 2
Graea Hypue QL-V b19-15,-819.125,-623.34375,13440.4375,GR314,Hen 2
Graea Hypue QL-V b19-15,-819.125,-623.34375,13440.4375,GR315,Hen 2
Graea Hypue QL-V b19-15,-819.125,-623.34375,13440.4375,GR317,Hen 2
Graea Hypue QL-V b19-15,-819.125,-623.34375,13440.4375,GR316,Hen 2
Graea Hypue QL-V b19-15,-819.125,-623.34375,13440.4375,GR318,Hen 2
Graea Hypue QL-V b19-15,-819.125,-623.34375,13440.4375,GR319,Hen 2
Graea Hypue NY-Q d5-118,-915.25,-613.78125,13527.46875,GR497,Hen 2
Graea Hypue NY-Q d5-118,-915.25,-613.78125,13527.46875,GR472,Hen 2
Graea Hypue NY-Q d5-111,-898.625,-643.09375,13529.90625,GR414,Hen 2
Graea Hypue NY-Q d5-111,-898.625,-643.09375,13529.90625,GR415,Hen 2
Graea Hypue NY-Q d5-148,-922.84375,-621,13530.84375,GR433,Hen 2
Graea Hypue NY-Q d5-148,-922.84375,-621,13530.84375,GR434,Hen 2
Graea Hypue PT-Q d5-97,-905.25,-665.78125,13530.65625,GR374,Hen 2
Graea Hypue PT-Q d5-97,-905.25,-665.78125,13530.65625,GR375,Hen 2
Graea Hypue PT-Q d5-99,-915.71875,-690.9375,13541.0625,GR382,Hen 2
Graea Hypue PT-Q d5-122,-885.34375,-698.71875,13551.34375,GR435,Hen 2
Graea Hypue PT-Q d5-122,-885.34375,-698.71875,13551.34375,GR436,Hen 2
Graea Hypue PT-Q d5-122,-885.34375,-698.71875,13551.34375,GR437,Hen 2
Graea Hypue LO-P d6-194,-1037.65625,-492.65625,13612.6875,GR509,Hen 2
Graea Hypue LO-P d6-194,-1037.65625,-492.65625,13612.6875,GR507,Hen 2
Graea Hypue LO-P d6-194,-1037.65625,-492.65625,13612.6875,GR508,Hen 2
Graea Hypue CC-H b28-27,-971.3125,-450.4375,13626.34375,GR574,Hen 2
Graea Hypue CC-H b28-27,-971.3125,-450.4375,13626.34375,GR575,Hen 2
Graea Hypue CC-H b28-27,-971.3125,-450.4375,13626.34375,GR576,Hen 2
Graea Hypue BX-G b28-27,-1041.78125,-483.125,13623.40625,GR512,Hen 2
Graea Hypue BX-G b28-27,-1041.78125,-483.125,13623.40625,GR513,Hen 2
Nyeajeou VP-G b56-0,-9275.46875,-423.4375,7817.34375,GR478,Prai Hypoo
Nyeajeou VP-G b56-0,-9275.46875,-423.4375,7817.34375,GR479,Prai Hypoo
Prai Hypoo RC-C d19,-9195.28125,-400.4375,7917.0625,GR416,Prai Hypoo
Prai Hypoo RC-C d19,-9195.28125,-400.4375,7917.0625,GR417,Prai Hypoo
Prai Hypoo GF-E c10,-9308.09375,-406.1875,7927.40625,GR212,Prai Hypoo
Prai Hypoo GF-E c10,-9308.09375,-406.1875,7927.40625,GR213,Prai Hypoo
Prai Hypoo GF-E c10,-9308.09375,-406.1875,7927.40625,GR211,Prai Hypoo
Prai Hypoo SX-B d40,-9332.59375,-490.6875,7901.25,GR568,Prai Hypoo
Prai Hypoo SX-B d40,-9332.59375,-490.6875,7901.25,GR569,Prai Hypoo
Prai Hypoo SX-B d40,-9332.59375,-490.6875,7901.25,GR570,Prai Hypoo
Prai Hypoo IU-Z b4-2,-9252.1875,-400.3125,7996.125,GR571,Prai Hypoo
Prai Hypoo IU-Z b4-2,-9252.1875,-400.3125,7996.125,GR572,Prai Hypoo
Prai Hypoo IU-Z b4-2,-9252.1875,-400.3125,7996.125,GR573,Prai Hypoo
Prai Hypoo QC-C d31,-9294.75,-379.9375,7952.03125,GR224,Prai Hypoo
Prai Hypoo QC-C d31,-9294.75,-379.9375,7952.03125,GR223,Prai Hypoo
Prai Hypoo NQ-F b2-3,-9324.5625,-339.03125,7954.53125,GR309,Prai Hypoo
Prai Hypoo NQ-F b2-3,-9324.5625,-339.03125,7954.53125,GR307,Prai Hypoo
Prai Hypoo NQ-F b2-3,-9324.5625,-339.03125,7954.53125,GR308,Prai Hypoo
Prai Hypoo PC-C d50,-9371.3125,-408.5,7899.71875,GR297,Prai Hypoo
Prai Hypoo PC-C d50,-9371.3125,-408.5,7899.71875,GR295,Prai Hypoo
Prai Hypoo PC-C d50,-9371.3125,-408.5,7899.71875,GR296,Prai Hypoo
Prai Hypoo WD-A d1-6,-9302.25,-459.46875,7978.78125,GR257,Prai Hypoo
Prai Hypoo WD-A d1-6,-9302.25,-459.46875,7978.78125,GR256,Prai Hypoo
Prai Hypoo WD-A d1-6,-9302.25,-459.46875,7978.78125,GR258,Prai Hypoo
Prai Hypoo WD-A d1-41,-9326.09375,-425.46875,7995.59375,GR259,Prai Hypoo
Skaudai AM-B d14-138,-5477.59375,-504.15625,10436.25,GR068,Skaudai
Skaudai AM-B d14-138,-5477.59375,-504.15625,10436.25,GR092,Skaudai
Skaudai AM-B d14-138,-5477.59375,-504.15625,10436.25,GR069,Skaudai
Prua Phoe US-B d86,-5476.6875,-518.8125,10526.65625,GR193,Skaudai
Prua Phoe US-B d86,-5476.6875,-518.8125,10526.65625,GR192,Skaudai
Prua Phoe US-B d86,-5476.6875,-518.8125,10526.65625,GR194,Skaudai
Prua Phoe US-B d86,-5476.6875,-518.8125,10526.65625,GR195,Skaudai
Prua Phoe US-B d86,-5476.6875,-518.8125,10526.65625,GR196,Skaudai
Prua Phoe TS-B d252,-5541.84375,-548.03125,10516.9375,GR173,Skaudai
Prua Phoe TS-B d252,-5541.84375,-548.03125,10516.9375,GR176,Skaudai
Prua Phoe TS-B d252,-5541.84375,-548.03125,10516.9375,GR175,Skaudai
Prua Phoe TS-B d252,-5541.84375,-548.03125,10516.9375,GR174,Skaudai
Prua Phoe XY-Z d114,-5517.78125,-566,10544.46875,GR185,Skaudai
Prua Phoe XY-Z d114,-5517.78125,-566,10544.46875,GR187,Skaudai
Prua Phoe XY-Z d114,-5517.78125,-566,10544.46875,GR186,Skaudai
Prua Phoe XY-Z d114,-5517.78125,-566,10544.46875,GR188,Skaudai
Prua Phoe XY-Z d42,-5525.5625,-559.09375,10547.71875,GR180,Skaudai
Prua Phoe XY-Z d42,-5525.5625,-559.09375,10547.71875,GR182,Skaudai
Prua Phoe XY-Z d42,-5525.5625,-559.09375,10547.71875,GR181,Skaudai
Prua Phoe XY-Z d42,-5525.5625,-559.09375,10547.71875,GR183,Skaudai
Prua Phoe XY-Z d42,-5525.5625,-559.09375,10547.71875,GR184,Skaudai
Blae Hypue ZD-G c12-4,1178.09375,-638.375,12276.75,GR562,Blaa Hypai
Blae Hypue ZD-G c12-4,1178.09375,-638.375,12276.75,GR563,Blaa Hypai
Blae Hypue ZD-G c12-4,1178.09375,-638.375,12276.75,GR564,Blaa Hypai
Blaa Hypai XR-I b26-0,1238.59375,-663.0625,12299.96875,GR247,Blaa Hypai
Blaa Hypai XR-I b26-0,1238.59375,-663.0625,12299.96875,GR249,Blaa Hypai
Blaa Hypai XR-I b26-0,1238.59375,-663.0625,12299.96875,GR248,Blaa Hypai
Blaa Hypai BN-I b26-1,1290.3125,-666.375,12299.59375,GR440,Blaa Hypai
Blaa Hypai EU-D c13-0,1244.25,-752.1875,12307,GR252,Blaa Hypai
Blaa Hypai EU-D c13-0,1244.25,-752.1875,12307,GR253,Blaa Hypai
Blaa Hypai EU-D c13-0,1244.25,-752.1875,12307,GR254,Blaa Hypai
Blaa Hypai OZ-O d6-16,1285.5,-731.65625,12309.34375,GR232,Blaa Hypai
Blaa Hypai OZ-O d6-16,1285.5,-731.65625,12309.34375,GR231,Blaa Hypai
Blaa Hypai OZ-O d6-16,1285.5,-731.65625,12309.34375,GR230,Blaa Hypai
Blaa Hypai LZ-F b27-0,1251.4375,-752.71875,12330.53125,GR227,Blaa Hypai
Blaa Hypai LZ-F b27-0,1251.4375,-752.71875,12330.53125,GR228,Blaa Hypai
Blaa Hypai LZ-F b27-0,1251.4375,-752.71875,12330.53125,GR229,Blaa Hypai
Blae Hypue DA-P d6-6,1142.65625,-697.15625,12345.375,GR444,Blaa Hypai
Blae Hypue DA-P d6-6,1142.65625,-697.15625,12345.375,GR445,Blaa Hypai
Blae Hypue DA-P d6-6,1142.65625,-697.15625,12345.375,GR446,Blaa Hypai
Blae Hypue KG-C c14-5,1167.8125,-711.375,12365.28125,GR441,Blaa Hypai
Blae Hypue KG-C c14-5,1167.8125,-711.375,12365.28125,GR442,Blaa Hypai
Blae Hypue KG-C c14-5,1167.8125,-711.375,12365.28125,GR443,Blaa Hypai
Blaa Hypai PB-A b31-0,1239.5,-642.5625,12398.03125,GR471,Blaa Hypai
Blaa Hypai PB-A b31-0,1239.5,-642.5625,12398.03125,GR510,Blaa Hypai
Blaa Hypai PB-A b31-0,1239.5,-642.5625,12398.03125,GR511,Blaa Hypai
Eorl Auwsy YF-Y b56-16,4953.46875,155.8125,20635.6875,GR262,Eorl Auwsy
Eorl Auwsy YF-Y b56-16,4953.46875,155.8125,20635.6875,GR261,Eorl Auwsy
Eorl Auwsy YF-Y b56-16,4953.46875,155.8125,20635.6875,GR260,Eorl Auwsy
Eorl Auwsy SY-Z d13-3732,4958.9375,163.9375,20635.09375,GR347,Eorl Auwsy
Eorl Auwsy SY-Z d13-3732,4958.9375,163.9375,20635.09375,GR348,Eorl Auwsy
Eorl Auwsy SY-Z d13-3732,4958.9375,163.9375,20635.09375,GR354,Eorl Auwsy
Eorl Auwsy SY-Z d13-450,4962.4375,139.15625,20636.40625,GR485,Eorl Auwsy
Eorl Auwsy SY-Z d13-450,4962.4375,139.15625,20636.40625,GR486,Eorl Auwsy
Eorl Auwsy SY-Z d13-3861,4950.3125,166.8125,20641.59375,GR218,Eorl Auwsy
Eorl Auwsy SY-Z d13-3861,4950.3125,166.8125,20641.59375,GR219,Eorl Auwsy
Eorl Auwsy SY-Z d13-3861,4950.3125,166.8125,20641.59375,GR220,Eorl Auwsy
Eorl Auwsy SY-Z d13-3468,4948.46875,165.0625,20654.53125,GR214,Eorl Auwsy
Eorl Auwsy SY-Z d13-3468,4948.46875,165.0625,20654.53125,GR222,Eorl Auwsy
Eorl Auwsy SY-Z d13-3468,4948.46875,165.0625,20654.53125,GR221,Eorl Auwsy
NGC 3199 Sector XJ-A d10,14544.0625,-237.625,3489.375,GR334,NGC 3199
NGC 3199 Sector XJ-A d10,14544.0625,-237.625,3489.375,GR333,NGC 3199
NGC 3199 Sector XJ-A d10,14544.0625,-237.625,3489.375,GR335,NGC 3199
NGC 3199 Sector DL-Y d12,14563.875,-302.53125,3509.9375,GR244,NGC 3199
NGC 3199 Sector DL-Y d12,14563.875,-302.53125,3509.9375,GR243,NGC 3199
Drokoe ML-M b40-0,14539.03125,-222.3125,3635.96875,GR480,NGC 3199
Drokoe ML-M b40-0,14539.03125,-222.3125,3635.96875,GR481,NGC 3199
Drokoe ML-M b40-0,14539.03125,-222.3125,3635.96875,GR482,NGC 3199
NGC 3199 Sector BV-Y c2,14595.53125,-225.84375,3490.34375,GR245,NGC 3199
NGC 3199 Sector BV-Y c2,14595.53125,-225.84375,3490.34375,GR246,NGC 3199
NGC 3199 Sector CQ-Y d6,14596.96875,-264.6875,3570.78125,GR331,NGC 3199
NGC 3199 Sector CQ-Y d6,14596.96875,-264.6875,3570.78125,GR332,NGC 3199
Drokoe SB-M b40-0,14591.0625,-252.28125,3646.1875,GR483,NGC 3199
Drokoe SB-M b40-0,14591.0625,-252.28125,3646.1875,GR484,NGC 3199
Drokoe FU-O b39-0,14600.21875,-160.15625,3619.3125,GR357,NGC 3199
Drokoe FU-O b39-0,14600.21875,-160.15625,3619.3125,GR358,NGC 3199
NGC 3199 Sector IM-V c2-5,14619.96875,-220.375,3560.375,GR235,NGC 3199
NGC 3199 Sector IM-V c2-5,14619.96875,-220.375,3560.375,GR234,NGC 3199
NGC 3199 Sector IM-V c2-5,14619.96875,-220.375,3560.375,GR233,NGC 3199
NGC 3199 Sector MC-V c2-8,14619.8125,-275.40625,3560.90625,GR239,NGC 3199
NGC 3199 Sector MC-V c2-8,14619.8125,-275.40625,3560.90625,GR238,NGC 3199
Blae Eork QU-D d13-3,8602.75,-219.8125,2641.9375,GR146,Eta Carina
Blae Eork QU-D d13-3,8602.75,-219.8125,2641.9375,GR147,Eta Carina
Blae Eork QU-D d13-3,8602.75,-219.8125,2641.9375,GR145,Eta Carina
2MASS J10444160-5947046,8614.1875,-116.6875,2733.03125,GR158,Eta Carina
2MASS J10444160-5947046,8614.1875,-116.6875,2733.03125,GR157,Eta Carina
Eta Carina Sector IM-V c2-4,8629.1875,-98.8125,2713.0625,GR156,Eta Carina
Eta Carina Sector IM-V c2-4,8629.1875,-98.8125,2713.0625,GR154,Eta Carina
Eta Carina Sector IM-V c2-4,8629.1875,-98.8125,2713.0625,GR155,Eta Carina
Eta Carina Sector EL-Y d16,8636.59375,-156.1875,2686.71875,GR153,Eta Carina
Eta Carina Sector EL-Y d16,8636.59375,-156.1875,2686.71875,GR152,Eta Carina
Eta Carina Sector EL-Y d16,8636.59375,-156.1875,2686.71875,GR151,Eta Carina
Blae Eork IF-G c27-13,8668.1875,-172.03125,2656.125,GR169,Eta Carina
Blae Eork IF-G c27-13,8668.1875,-172.03125,2656.125,GR168,Eta Carina
Blae Eork IF-G c27-13,8668.1875,-172.03125,2656.125,GR167,Eta Carina
Blae Eork NE-E d13-25,8670.0625,-65.1875,2680.59375,GR355,Eta Carina
Blae Eork NE-E d13-25,8670.0625,-65.1875,2680.59375,GR356,Eta Carina
Blae Eork NE-E d13-25,8670.0625,-65.1875,2680.59375,GR298,Eta Carina
Blae Eork RU-D d13-17,8675.5,-238.5,2655.625,GR197,Eta Carina
Blae Eork RU-D d13-17,8675.5,-238.5,2655.625,GR199,Eta Carina
Blae Eork RU-D d13-17,8675.5,-238.5,2655.625,GR198,Eta Carina
Blae Eork RU-D d13-20,8675.25,-185.65625,2687.09375,GR203,Eta Carina
Blae Eork RU-D d13-20,8675.25,-185.65625,2687.09375,GR202,Eta Carina
Blae Eork RU-D d13-20,8675.25,-185.65625,2687.09375,GR204,Eta Carina
Blae Eork UL-J b56-1,8710.15625,-113.9375,2702,GR241,Eta Carina
Blae Eork UL-J b56-1,8710.15625,-113.9375,2702,GR242,Eta Carina
Blae Eork UL-J b56-1,8710.15625,-113.9375,2702,GR240,Eta Carina
